{
  "structure": {
    "Comment": [
      {
        "Field": "ID",
        "Type": "int",
        "Null": "NO",
        "Key": "PRI",
        "Default": null,
        "Extra": "auto_increment"
      },
      {
        "Field": "User_ID",
        "Type": "int",
        "Null": "NO",
        "Key": "MUL",
        "Default": null,
        "Extra": ""
      },
      {
        "Field": "Meow_ID",
        "Type": "int",
        "Null": "NO",
        "Key": "MUL",
        "Default": null,
        "Extra": ""
      },
      {
        "Field": "PublishDateTime",
        "Type": "datetime",
        "Null": "NO",
        "Key": "",
        "Default": null,
        "Extra": ""
      },
      {
        "Field": "Body",
        "Type": "varchar(250)",
        "Null": "NO",
        "Key": "",
        "Default": null,
        "Extra": ""
      }
    ],
    "Meow": [
      {
        "Field": "ID",
        "Type": "int",
        "Null": "NO",
        "Key": "PRI",
        "Default": null,
        "Extra": "auto_increment"
      },
      {
        "Field": "User_ID",
        "Type": "int",
        "Null": "NO",
        "Key": "MUL",
        "Default": null,
        "Extra": ""
      },
      {
        "Field": "PublishDateTime",
        "Type": "datetime",
        "Null": "NO",
        "Key": "",
        "Default": null,
        "Extra": ""
      },
      {
        "Field": "Body",
        "Type": "varchar(250)",
        "Null": "NO",
        "Key": "",
        "Default": null,
        "Extra": ""
      },
      {
        "Field": "Picture",
        "Type": "varchar(250)",
        "Null": "YES",
        "Key": "",
        "Default": null,
        "Extra": ""
      }
    ],
    "Paw": [
      {
        "Field": "ID",
        "Type": "int",
        "Null": "NO",
        "Key": "PRI",
        "Default": null,
        "Extra": "auto_increment"
      },
      {
        "Field": "User_ID",
        "Type": "int",
        "Null": "NO",
        "Key": "MUL",
        "Default": null,
        "Extra": ""
      },
      {
        "Field": "Meow_ID",
        "Type": "int",
        "Null": "NO",
        "Key": "MUL",
        "Default": null,
        "Extra": ""
      }
    ],
    "User": [
      {
        "Field": "ID",
        "Type": "int",
        "Null": "NO",
        "Key": "PRI",
        "Default": null,
        "Extra": "auto_increment"
      },
      {
        "Field": "FullName",
        "Type": "varchar(250)",
        "Null": "NO",
        "Key": "",
        "Default": null,
        "Extra": ""
      },
      {
        "Field": "PolicyApproved",
        "Type": "tinyint(1)",
        "Null": "YES",
        "Key": "",
        "Default": null,
        "Extra": ""
      },
      {
        "Field": "DateOfBirth",
        "Type": "date",
        "Null": "YES",
        "Key": "",
        "Default": null,
        "Extra": ""
      },
      {
        "Field": "Phone",
        "Type": "varchar(50)",
        "Null": "YES",
        "Key": "",
        "Default": null,
        "Extra": ""
      },
      {
        "Field": "Email",
        "Type": "varchar(250)",
        "Null": "NO",
        "Key": "UNI",
        "Default": null,
        "Extra": ""
      },
      {
        "Field": "Breed",
        "Type": "varchar(250)",
        "Null": "YES",
        "Key": "",
        "Default": null,
        "Extra": ""
      },
      {
        "Field": "Eats",
        "Type": "varchar(250)",
        "Null": "YES",
        "Key": "",
        "Default": null,
        "Extra": ""
      },
      {
        "Field": "Username",
        "Type": "varchar(50)",
        "Null": "YES",
        "Key": "",
        "Default": null,
        "Extra": ""
      },
      {
        "Field": "Password",
        "Type": "varchar(255)",
        "Null": "NO",
        "Key": "",
        "Default": null,
        "Extra": ""
      },
      {
        "Field": "ConfirmationCode",
        "Type": "int",
        "Null": "YES",
        "Key": "",
        "Default": null,
        "Extra": ""
      },
      {
        "Field": "ProfilePicture",
        "Type": "varchar(250)",
        "Null": "YES",
        "Key": "",
        "Default": null,
        "Extra": ""
      },
      {
        "Field": "Bio",
        "Type": "text",
        "Null": "YES",
        "Key": "",
        "Default": null,
        "Extra": ""
      }
    ]
  },
  "relationships": {
    "Comment": [
      {
        "TABLE_NAME": "Comment",
        "COLUMN_NAME": "Meow_ID",
        "CONSTRAINT_NAME": "CommentRespondsToMeow",
        "REFERENCED_TABLE_NAME": "Meow",
        "REFERENCED_COLUMN_NAME": "ID"
      },
      {
        "TABLE_NAME": "Comment",
        "COLUMN_NAME": "User_ID",
        "CONSTRAINT_NAME": "UserCreatesComment",
        "REFERENCED_TABLE_NAME": "User",
        "REFERENCED_COLUMN_NAME": "ID"
      }
    ],
    "Meow": [
      {
        "TABLE_NAME": "Comment",
        "COLUMN_NAME": "Meow_ID",
        "CONSTRAINT_NAME": "CommentRespondsToMeow",
        "REFERENCED_TABLE_NAME": "Meow",
        "REFERENCED_COLUMN_NAME": "ID"
      },
      {
        "TABLE_NAME": "Meow",
        "COLUMN_NAME": "User_ID",
        "CONSTRAINT_NAME": "UserCreatesMeow",
        "REFERENCED_TABLE_NAME": "User",
        "REFERENCED_COLUMN_NAME": "ID"
      },
      {
        "TABLE_NAME": "Paw",
        "COLUMN_NAME": "Meow_ID",
        "CONSTRAINT_NAME": "PawApprovesOfMeow",
        "REFERENCED_TABLE_NAME": "Meow",
        "REFERENCED_COLUMN_NAME": "ID"
      }
    ],
    "Paw": [
      {
        "TABLE_NAME": "Paw",
        "COLUMN_NAME": "Meow_ID",
        "CONSTRAINT_NAME": "PawApprovesOfMeow",
        "REFERENCED_TABLE_NAME": "Meow",
        "REFERENCED_COLUMN_NAME": "ID"
      },
      {
        "TABLE_NAME": "Paw",
        "COLUMN_NAME": "User_ID",
        "CONSTRAINT_NAME": "PawGivenByUser",
        "REFERENCED_TABLE_NAME": "User",
        "REFERENCED_COLUMN_NAME": "ID"
      }
    ],
    "User": [
      {
        "TABLE_NAME": "Comment",
        "COLUMN_NAME": "User_ID",
        "CONSTRAINT_NAME": "UserCreatesComment",
        "REFERENCED_TABLE_NAME": "User",
        "REFERENCED_COLUMN_NAME": "ID"
      },
      {
        "TABLE_NAME": "Meow",
        "COLUMN_NAME": "User_ID",
        "CONSTRAINT_NAME": "UserCreatesMeow",
        "REFERENCED_TABLE_NAME": "User",
        "REFERENCED_COLUMN_NAME": "ID"
      },
      {
        "TABLE_NAME": "Paw",
        "COLUMN_NAME": "User_ID",
        "CONSTRAINT_NAME": "PawGivenByUser",
        "REFERENCED_TABLE_NAME": "User",
        "REFERENCED_COLUMN_NAME": "ID"
      }
    ]
  }
}